aaaaagcaaaaaaaaaaaaaaadaaaaaaaaaaaaaaa,1236
aaaaagcaaaaaaaabaaaaaaeaaaaaaaaaaaaaaa,516
aaaaagcaaabaaaabaaaaaadaaaaaaaaaaaaaaa,293
aaaaagcaaaaaaaabaaaaaadaaaaaaaaaaaaaaa,396
aaaaagcaaacaaaacaaaaaadaaaaaaaaaaaaaaa,12
aaaaagcaaaaaaaaaaaaaaacaaaaaaaaaaaaaaa,491
aaaaagcaaabaaaabaaaaaacaaaaaaaaaaaaaaa,130
aaaaagcaaaaaaaabaaaaaacaaaaaaaaaaaaaaa,154
aaaaagcaaacaaaacaaaaaacaaaaaaaaaaaaaaa,5
aaaaagcaaaaaaaaaaaaaaabaaaaaaaaaaaaaaa,859
aaaaagcaaaaaaaabaaaaaabaaaaaaaaaaaaaaa,284
aaaaagcaaabaaaabaaaaaabaaaaaaaaaaaaaaa,203
aaaaagcaaacaaaacaaaaaabaaaaaaaaaaaaaaa,14
aaaaagcaaaaaaaaaaaaaaaaaaaaaaaaaaaaaaa,421
aaaaagcaaabaaaabaaaaaaaaaaaaaaaaaaaaaa,103
aaaaagcaaaaaaaabaaaaaaaaaaaaaaaaaaaaaa,162
aaaaagcaaacaaaacaaaaaaaaaaaaaaaaaaaaaa,9
aaaaagcaaaaaaaaaaaaaaafaaaaaaaaaaaaaaa,634
aaaaagcaaaaaaaaaaaaaaaeaaaaaaaaaaaaaaa,1372
aaaaagcaaabaaaabaaaaaaeaaaaaaaaaaaaaaa,340
aaaaagcaaaabaabaaaaaaadaaaaaaaaaaaaaaa,9
aaaaagcaaaabaaaaaaaaaaeaaaaaaaaaaaaaaa,114
aaaaagcaaaaaaabaaaaaaaeaaaaaaaaaaaaaaa,43
aaaaagcaaabaaaabaaaaaafaaaaaaaaaaaaaaa,196
aaaaagcaaaaaaabaaaaaaafaaaaaaaaaaaaaaa,20
aaaaagcaaaabaabbaaaaaafaaaaaaaaaaaaaaa,3
aaaaagcaaacaaaacaaaaaafaaaaaaaaaaaaaaa,4
aaaaagcaaaaaaabbaaaaaaeaaaaaaaaaaaaaaa,19
aaaaagcaaaabaaabaaaaaaeaaaaaaaaaaaaaaa,33
aaaaagcaaabaaaacaaaaaadaaaaaaaaaaaaaaa,2
aaaaagcaaacaaaacaaaaaaeaaaaaaaaaaaaaaa,15
aaaaagcaaadaaaadaaaaaadaaaaaaaaaaaaaaa,2
aaaaagcaaaaaaaabaaaaaafaaaaaaaaaaaaaaa,225
aaaaagcaaaaaaabbaaaaaafaaaaaaaaaaaaaaa,8
aaaaagcaaaaaaabaaaaaaadaaaaaaaaaaaaaaa,19
aaaaagcaaaabaaabaaaaaadaaaaaaaaaaaaaaa,46
aaaaagcaaaaaaabaaaaaaacaaaaaaaaaaaaaaa,2
aaaaagcaaaaaaabbaaaaaadaaaaaaaaaaaaaaa,7
aaaaagcaaaabaaaaaaaaaadaaaaaaaaaaaaaaa,129
aaaaagcaaaaaaaaaaaaaaagaaaaaaaaaaaaaaa,573
aaaaagcaaacbaaacaaaaaaeaaaaaaaaaaaaaaa,4
aaaaagcaaaabaabbaaaaaaeaaaaaaaaaaaaaaa,2
aaaaagcaaaabaabbaaaaaadaaaaaaaaaaaaaaa,7
aaaaagcaaabbaabbaaaaaaeaaaaaaaaaaaaaaa,3
aaaaagcaaabaaabbaaaaaaeaaaaaaaaaaaaaaa,9
aaaaagcaaabbaaacaaaaaaeaaaaaaaaaaaaaaa,1
aaaaagcaaabaaaacaaaaaacaaaaaaaaaaaaaaa,2
aaaaagcaaabaaaaaaaaaaacaaaaaaaaaaaaaaa,1
aaaaagcaaabaaaacaaaaaaaaaaaaaaaaaaaaaa,2
abaaagcaaabaaaabaaaaaabaaaaaaaaaaaaaaa,1
aaaaagcaaaaaaaabaaaaaagaaaaaaaaaaaaaaa,371
aaaaagcaaaabaabaaaaaaaeaaaaaaaaaaaaaaa,9
aaaaagcaaabbaaabaaaaaaeaaaaaaaaaaaaaaa,31
aaaaagcaaabbaaabaaaaaadaaaaaaaaaaaaaaa,27
aaaaagcaaaabaaaaaaaaaafaaaaaaaaaaaaaaa,77
aaaaagcaaaabaaabaaaaaafaaaaaaaaaaaaaaa,41
aaaaadbaaabbaaadaaaaaadaaaaaaaaaaaaaaa,1
aaaaaaaaaaaaaaaaaaaaaaeaaaaaaaaaaaaaaa,1
aaaaaaaaaaabaaaaaaaaaadaaaaaaaaaaaaaaa,1
aaaaaaaaaaaaaaaaaaaaaadaaaaaaaaaaaaaaa,7
aaaaaaaaaaaaaaabaaaaaadaaaaaaaaaaaaaaa,1
aaaaaaaaaacaaaacaaaaaadaaaaaaaaaaaaaaa,1
aaaaabaaaaaaaaaaaaaaaadaaaaaaaaaaaaaaa,13
aaaaabaaaabaaaabaaaaaadaaaaaaaaaaaaaaa,3
aaaaabaaaabbaaabaaaaaadaaaaaaaaaaaaaaa,1
aaaaabaaaaabaaaaaaaaaadaaaaaaaaaaaaaaa,3
aaaaacaaaaabaaaaaaaaaacaaaaaaaaaaaaaaa,1
aaaaacaaaaaaaaaaaaaaaadaaaaaaaaaaaaaaa,11
aaaaacaaaaaaaaaaaaaaaacaaaaaaaaaaaaaaa,3
aaaaacaaaaabaaaaaaaaaadaaaaaaaaaaaaaaa,2
aaaaadaaaaaaaaaaaaaaaadaaaaaaaaaaaaaaa,16
aaaaadaaaabaaaabaaaaaadaaaaaaaaaaaaaaa,4
aaaaadaaaaaaaaabaaaaaadaaaaaaaaaaaaaaa,3
aaaaadaaaaaaaaaaaaaaaacaaaaaaaaaaaaaaa,2
aaaaadaaaaabaaaaaaaaaadaaaaaaaaaaaaaaa,1
aaaaaeaaaaaaaaabaaaaaacaaaaaaaaaaaaaaa,2
aaaaaeaaaaabaaaaaaaaaadaaaaaaaaaaaaaaa,1
aaaaaeaaaaaaaaaaaaaaaadaaaaaaaaaaaaaaa,13
aaaaaeaaaabaaaabaaaaaadaaaaaaaaaaaaaaa,6
aaaaaeaaaaaaaaaaaaaaaacaaaaaaaaaaaaaaa,4
aaaaafaaaabaaaabaaaaaadaaaaaaaaaaaaaaa,2
aaaaafaaaaaaaaaaaaaaaadaaaaaaaaaaaaaaa,15
aaaaafaaaaaaaaabaaaaaadaaaaaaaaaaaaaaa,3
aaaaafaaaaaaaaaaaaaaaacaaaaaaaaaaaaaaa,3
aaaaagaaaaaaaaaaaaaaaacaaaaaaaaaaaaaaa,173
aaaaagaaaabaaaabaaaaaacaaaaaaaaaaaaaaa,40
aaaaagaaaabaaaabaaaaaadaaaaaaaaaaaaaaa,88
aaaaagaaaaaaaaabaaaaaacaaaaaaaaaaaaaaa,46
aaaaagaaaaabaaaaaaaaaacaaaaaaaaaaaaaaa,4
aaaaagaaaaaaaaaaaaaaaadaaaaaaaaaaaaaaa,305
aaaaagaaaacaaaacaaaaaacaaaaaaaaaaaaaaa,3
aaaaagaaaaaaaaabaaaaaadaaaaaaaaaaaaaaa,109
aaaaagaaaacaaaacaaaaaadaaaaaaaaaaaaaaa,4
aaaaagaaaabbaaabaaaaaadaaaaaaaaaaaaaaa,13
aaaaagaaaaabaaaaaaaaaadaaaaaaaaaaaaaaa,61
aaaaagaaaaabaaabaaaaaacaaaaaaaaaaaaaaa,2
abaaagaaaaaaaaabaaaaaadaaaaaaaaaaaaaaa,1
aaaaagaaaabbaabbaaaaaacaaaaaaaaaaaaaaa,1
aaaaagaaaaabaaabaaaaaadaaaaaaaaaaaaaaa,19
aaaaagaaaaacaabbaaaaaadaaaaaaaaaaaaaaa,1
aaaaagaaaaaaaaaaaaaaaaeaaaaaaaaaaaaaaa,351
aaaaagaaaabaaaabaaaaaaeaaaaaaaaaaaaaaa,87
aaaaagaaaaaaaaabaaaaaaeaaaaaaaaaaaaaaa,116
aaaaagaaaaabaaabaaaaaaeaaaaaaaaaaaaaaa,29
aaaaagaaaaabaaaaaaaaaafaaaaaaaaaaaaaaa,43
aaaaagaaaaaaaaabaaaaaafaaaaaaaaaaaaaaa,28
aaaaagaaaaabaaaaaaaaaaeaaaaaaaaaaaaaaa,71
aaaaagaaaaabaabbaaaaaaeaaaaaaaaaaaaaaa,5
aaaaagaaaaabaaaaaaaaaagaaaaaaaaaaaaaaa,16
aaaaagaaaabaaaabaaaaaafaaaaaaaaaaaaaaa,23
abaaagaaaaaaaaabaaaaaaeaaaaaaaaaaaaaaa,1
aaaaagaaaaaaaaaaaaaaaafaaaaaaaaaaaaaaa,75
aaaaagaaaaabaabaaaaaaaeaaaaaaaaaaaaaaa,7
aaaaagaaaabbaaabaaaaaaeaaaaaaaaaaaaaaa,14
aaaaagaaaabbaabbaaaaaaeaaaaaaaaaaaaaaa,1
aaaaagaaaaaaaabaaaaaaaeaaaaaaaaaaaaaaa,9
aaaaagaaaabbaaabaaaaaafaaaaaaaaaaaaaaa,15
aaaaagaaaaabaaabaaaaaafaaaaaaaaaaaaaaa,14
aaaaagaaaaaaaaabaaaaaabaaaaaaaaaaaaaaa,65
aaaaagaaaaaaaaaaaaaaaabaaaaaaaaaaaaaaa,162
aaaaagaaaabaaaabaaaaaabaaaaaaaaaaaaaaa,34
aaaaagaaaaaaaaabaaaaaaaaaaaaaaaaaaaaaa,46
aaaaagaaaaaaaaaaaaaaaaaaaaaaaaaaaaaaaa,157
aaaaagaaaabaaaabaaaaaaaaaaaaaaaaaaaaaa,28
aaaaagbaaaaaaaaaaaaaaaaaaaaaaaaaaaaaaa,257
aaaaagbaaaaaaaabaaaaaaaaaaaaaaaaaaaaaa,81
aaaaagbaaabaaaabaaaaaaaaaaaaaaaaaaaaaa,59
aaaaagbaaaaaaaaaaaaaaabaaaaaaaaaaaaaaa,711
aaaaagbaaaaaaaabaaaaaabaaaaaaaaaaaaaaa,287
aaaaagbaaabaaaabaaaaaabaaaaaaaaaaaaaaa,219
aaaaagbaaaaaaaaaaaaaaacaaaaaaaaaaaaaaa,528
aaaaagbaaaaaaaabaaaaaacaaaaaaaaaaaaaaa,221
aaaaagbaaabaaaabaaaaaacaaaaaaaaaaaaaaa,189
aaaaagbaaaaaaaaaaaaaaadaaaaaaaaaaaaaaa,881
aaaaagbaaaaaaaabaaaaaadaaaaaaaaaaaaaaa,310
aaaaagbaaabaaaabaaaaaadaaaaaaaaaaaaaaa,261
aaaaagbaaabaaaabaaaaaaeaaaaaaaaaaaaaaa,237
aaaaagbaaaaaaaaaaaaaaaeaaaaaaaaaaaaaaa,712
aaaaagbaaaaaaabaaaaaaadaaaaaaaaaaaaaaa,21
aaaaagbaaabbaaabaaaaaadaaaaaaaaaaaaaaa,11
aaaaagbaaaaaaabbaaaaaadaaaaaaaaaaaaaaa,9
aaaaagbaaabaaabbaaaaaacaaaaaaaaaaaaaaa,1
aaaaagbaaaaaaaabaaaaaafaaaaaaaaaaaaaaa,372
aaaaagbaaaaaaabbaaaaaaeaaaaaaaaaaaaaaa,6
abaaagbaaabaaaabaaaaaadaaaaaaaaaaaaaaa,1
aaaaagbaaaabaabbaaaaaadaaaaaaaaaaaaaaa,2
aaaaagbaaaaaaaabaaaaaaeaaaaaaaaaaaaaaa,255
aaaaagbaaaaaaaaaaaaaaafaaaaaaaaaaaaaaa,652
aaaaagbaaaabaaaaaaaaaadaaaaaaaaaaaaaaa,22
aaaaagbaaadaaaadaaaaaaeaaaaaaaaaaaaaaa,1
aaaaagbaaacaaaacaaaaaaeaaaaaaaaaaaaaaa,12
aaaaagbaaaabaaaaaaaaaaeaaaaaaaaaaaaaaa,35
aaaaagbaaaabaaabaaaaaaeaaaaaaaaaaaaaaa,9
aaaaagbaaaaaaaaaaaaaaagaaaaaaaaaaaaaaa,1755
aaaaagbaaaabaabaaaaaaadaaaaaaaaaaaaaaa,4
abaaagbaaaaaaaaaaaaaaadaaaaaaaaaaaaaaa,2
aaaaagbaaabaaabbaaaaaadaaaaaaaaaaaaaaa,5
aaaaagbaaaaaaabaaaaaaaeaaaaaaaaaaaaaaa,10
aaaaagbaaaabaabbaaaaaaeaaaaaaaaaaaaaaa,1
aaaaagbaaaaaaaabaaaaaagaaaaaaaaaaaaaaa,1349
aaaaagbaaabaaaabaaaaaafaaaaaaaaaaaaaaa,303
aaaaagbaaaaaaabaaaaaaafaaaaaaaaaaaaaaa,27
caaaagcaaaaaaaaaaaaaaabaaaaaaaaaaaaaaa,10
daaaagcaaaaaaaabaaaaaabaaaaaaaaaaaaaaa,23
daaaagcaaaaaaaaaaaaaaabaaaaaaaaaaaaaaa,61
daaaagcaaabaaaabaaaaaacaaaaaaaaaaaaaaa,3
baaaagcaaabaaaabaaaaaacaaaaaaaaaaaaaaa,1
daaaagcaaaaaaaabaaaaaacaaaaaaaaaaaaaaa,2
daaaagcaaaaaaaaaaaaaaacaaaaaaaaaaaaaaa,2
daaaagcaaabaaaabaaaaaabaaaaaaaaaaaaaaa,12
caaaagcaaaaaaaabaaaaaabaaaaaaaaaaaaaaa,5
baaaagcaaaaaaaabaaaaaabaaaaaaaaaaaaaaa,1
daaaagcaaaaaaaabaaaaaaaaaaaaaaaaaaaaaa,30
daaaagcaaaaaaaaaaaaaaaaaaaaaaaaaaaaaaa,89
caaaagcaaaaaaaaaaaaaaaaaaaaaaaaaaaaaaa,24
caaaagcaaabaaaabaaaaaabaaaaaaaaaaaaaaa,2
baaaagcaaaaaaaaaaaaaaabaaaaaaaaaaaaaaa,3
caaaagcaaaaaaaabaaaaaaaaaaaaaaaaaaaaaa,7
baaaagcaaaaaaaaaaaaaaaaaaaaaaaaaaaaaaa,6
daaaagbaaaaaaaaaaaaaaaaaaaaaaaaaaaaaaa,1
daaaagcaaabaaaabaaaaaaaaaaaaaaaaaaaaaa,14
daaaagcaaaabaaabaaaaaaaaaaaaaaaaaaaaaa,1
daaaagcaaaabaaabaaaaaabaaaaaaaaaaaaaaa,1
baaaagcaaaaaaaabaaaaaaaaaaaaaaaaaaaaaa,2
daaaagcaaaabaaaaaaaaaaaaaaaaaaaaaaaaaa,1
caaaagcaaabaaaabaaaaaaaaaaaaaaaaaaaaaa,5
daaaagcaaaadaaabaaaaaaaaaaaaaaaaaaaaaa,1
baaaagcaaabaaaabaaaaaaaaaaaaaaaaaaaaaa,2
baaaagcaaabaaaabaaaaaabaaaaaaaaaaaaaaa,1
caaaagcaaaaaaaaaaaaaaacaaaaaaaaaaaaaaa,1
aaaaagcaaabbaabbaaaaaadaaaaaaaaaaaaaaa,4
abaaagcaaaaaaaabaaaaaaeaaaaaaaaaaaaaaa,7
abaaagcaaaaaaaabaaaaaadaaaaaaaaaaaaaaa,2
aaaaagcaaaabaaaaaaaaaagaaaaaaaaaaaaaaa,146
aaaaagcaaabaaaabaaaaaagaaaaaaaaaaaaaaa,331
aaaaagcaaabbaaabaaaaaafaaaaaaaaaaaaaaa,30
abaaagcaaaaaaaaaaaaaaaeaaaaaaaaaaaaaaa,3
aaaaagcaaaabaaabaaaaaagaaaaaaaaaaaaaaa,101
aaaaagcaaabbaaabaaaaaagaaaaaaaaaaaaaaa,86
aaaaagcaaaacaaaaaaaaaagaaaaaaaaaaaaaaa,1
abaaagcaaaaaaaaaaaaaaafaaaaaaaaaaaaaaa,11
aaaaagcaaaaaaabaaaaaaagaaaaaaaaaaaaaaa,23
aaaaagcaaaaaaabbaaaaaagaaaaaaaaaaaaaaa,19
aaaaagcaaabaaabbaaaaaagaaaaaaaaaaaaaaa,18
abaaagcaaaaaaaaaaaaaaagaaaaaaaaaaaaaaa,21
aaaaagcaaaabaabbaaaaaagaaaaaaaaaaaaaaa,7
abaaagcaaaaaaaabaaaaaagaaaaaaaaaaaaaaa,18
aaaaagcaaaafcaaaaaaaaaaaaaaaaaaaaaaaaa,1
aaaaagcaaabaaabbaaaaaafaaaaaaaaaaaaaaa,4
aaaaagcaaaabaabaaaaaaafaaaaaaaaaaaaaaa,14
aaaaagcaaacbaaacaaaaaafaaaaaaaaaaaaaaa,5
aaaaagcaaadaaaadaaaaaafaaaaaaaaaaaaaaa,1
abaaagcaaabaaaabaaaaaafaaaaaaaaaaaaaaa,3
aaaaagcaaabcaaabaaaaaaeaaaaaaaaaaaaaaa,1
abaaagcaaaaaaaaaaaaaaadaaaaaaaaaaaaaaa,2
abaaagcaaabaaabbaaaaaagaaaaaaaaaaaaaaa,1
aaaaagcaaadbaaadaaaaaaeaaaaaaaaaaaaaaa,1
aaaaagcaaabaaaacaaaaaaeaaaaaaaaaaaaaaa,2
aaaaagcaaabaaaabaabbaagaaaaaaaaaaaaaaa,1
aaaaagcaaaabaabbaaaaaacaaaaaaaaaaaaaaa,2
aaaaagcaaabbaabbaaaaaacaaaaaaaaaaaaaaa,1
aaaaagcaaaabaabaaaaaaacaaaaaaaaaaaaaaa,1
aaaaagcaaaabaaaaaaaaaacaaaaaaaaaaaaaaa,4
aaaaagcaaabbaaabaaaaaacaaaaaaaaaaaaaaa,2
aaaaagcaaabaaabbaaaaaadaaaaaaaaaaaaaaa,2
aaaaagcaaadaaaadaaaaaaeaaaaaaaaaaaaaaa,2
aaaaadbaaabaaaadaaaaaadaaaaaaaaaaaaaaa,1
aaaaaaaaaabaaaabaaaaaadaaaaaaaaaaaaaaa,1
aaaaaaaaaaabaaabaaaaaadaaaaaaaaaaaaaaa,1
aaaaabaaaaabaaabaaaaaadaaaaaaaaaaaaaaa,1
aaaaabaaaaaaaaabaaaaaadaaaaaaaaaaaaaaa,2
aaaaacaaaaaaaaabaaaaaadaaaaaaaaaaaaaaa,3
aaaaacaaaaaaaaabaaaaaacaaaaaaaaaaaaaaa,1
aaaaacaaaabaaaabaaaaaacaaaaaaaaaaaaaaa,1
aaaaadaaaaabaaabaaaaaadaaaaaaaaaaaaaaa,1
aaaaafaaaaabaaabaaaaaacaaaaaaaaaaaaaaa,1
aaaaagaaaaabaabaaaaaaadaaaaaaaaaaaaaaa,2
aaaaagaaaaacaaaaaaaaaadaaaaaaaaaaaaaaa,1
aaaaagaaaaabaabbaaaaaafaaaaaaaaaaaaaaa,3
aaaaagaaaaaaaaaaaaaaaagaaaaaaaaaaaaaaa,11
aaaaagaaaaabaabaaaaaaafaaaaaaaaaaaaaaa,2
aaaaagaaaaaaaaabaaaaaagaaaaaaaaaaaaaaa,4
aaaaagaaaabbaaabaaaaaagaaaaaaaaaaaaaaa,6
aaaaagaaaaabaabaaaaaaagaaaaaaaaaaaaaaa,1
aaaaagaaaabaaaabaaaaaagaaaaaaaaaaaaaaa,4
abaaagaaaaabaaabaaaaaaeaaaaaaaaaaaaaaa,1
aaaaagaaaaabaaabaaaaaagaaaaaaaaaaaaaaa,1
abaaagaaaaaaaaaaaaaaaadaaaaaaaaaaaaaaa,1
aaaaagbaaabbaaabaaaaaaeaaaaaaaaaaaaaaa,4
aaaaagbaaaaaaabaaaaaaagaaaaaaaaaaaaaaa,92
aaaaagbaaaabaabbaaaaaagaaaaaaaaaaaaaaa,43
aaaaagbaaaabaabaaaaaaafaaaaaaaaaaaaaaa,14
abaaagbaaaabaabbaaaaaagaaaaaaaaaaaaaaa,4
aaaaagbaaabbaabbaaaaaafaaaaaaaaaaaaaaa,11
aaaaagbaaabaaabbaaaaaagaaaaaaaaaaaaaaa,85
aaaaagbaaaaaaabbaaaaaagaaaaaaaaaaaaaaa,87
aaaaagbaaabaaabbaaaaaafaaaaaaaaaaaaaaa,11
aaaaagbaaaaaaabbaaaaaafaaaaaaaaaaaaaaa,14
aaaaagbaaabaaaabaaaaaagaaaaaaaaaaaaaaa,1197
aaaaagbaaadaaaadaaaaaafaaaaaaaaaaaaaaa,1
aaaaagbaaacaaaacaaaaaafaaaaaaaaaaaaaaa,20
aaaaagbaaaabaaaaaaaaaafaaaaaaaaaaaaaaa,65
aaaaagbaaabbaabbaaaaaaeaaaaaaaaaaaaaaa,1
aaaaagbaaaaaaabaaaaaaacaaaaaaaaaaaaaaa,1
aaaaagbaaaabaabbaaaaaafaaaaaaaaaaaaaaa,10
aaaaagbaaacaaaacaaaaaagaaaaaaaaaaaaaaa,59
aaaaagbaaaabaaaaaaaaaagaaaaaaaaaaaaaaa,227
aaaaagbaaaabaaabaaaaaafaaaaaaaaaaaaaaa,56
aaaaagbaaabbaaabaaaaaagaaaaaaaaaaaaaaa,217
aaaaagbaaaabaabaaaaaaaeaaaaaaaaaaaaaaa,1
aaaaagbaaaabaaabaaaaaagaaaaaaaaaaaaaaa,227
aaaaagbaaabbaaabaaaaaafaaaaaaaaaaaaaaa,35
aaaaagcaaacaaaacaaaaaagaaaaaaaaaaaaaaa,20
aaaaadbaaabbaaadaaaaaafaaaaaaaaaaaaaaa,1
aaaaaaaaaaaaaaaaaaaaaagaaaaaaaaaaaaaaa,1
aaaaabaaaabaaaabaaaaaaeaaaaaaaaaaaaaaa,1
aaaaacaaaabaaaabaaaaaadaaaaaaaaaaaaaaa,1
aaaaadaaaaaaaaabaaaaaacaaaaaaaaaaaaaaa,1
aaaaaeaaaaaaaaabaaaaaadaaaaaaaaaaaaaaa,1
aaaaafaaaaaaaaabaaaaaacaaaaaaaaaaaaaaa,1
aaaaagaaaafaaaafaaaaaadaaaaaaaaaaaaaaa,1
aaaaagaaaadaaaadaaaaaadaaaaaaaaaaaaaaa,1
aaaaagaaaaaaaabaaaaaaadaaaaaaaaaaaaaaa,2
aaaaagaaaabbaabbaaaaaadaaaaaaaaaaaaaaa,1
aaaaagaaaaaaaabbaaaaaaeaaaaaaaaaaaaaaa,5
aaaaagaaaaaaaabbaaaaaadaaaaaaaaaaaaaaa,1
aaaaagaaaabaaabbaaaaaaeaaaaaaaaaaaaaaa,1
aaaaagaaaacaaaacaaaaaaeaaaaaaaaaaaaaaa,3
aaaaagaaaabaaaacaaaaaaeaaaaaaaaaaaaaaa,2
aaaaagaaaaacaabaaaaaaaeaaaaaaaaaaaaaaa,1
aaaaagaaaacaaaacaaaaaafaaaaaaaaaaaaaaa,1
aaaaagaaaaaaaabaaaaaaafaaaaaaaaaaaaaaa,1
abaaagaaaaaaaaaaaaaaaaeaaaaaaaaaaaaaaa,1
aaaaagaaaaaaaabbaaaaaacaaaaaaaaaaaaaaa,1
aaaaagbaaacaaaacaaaaaabaaaaaaaaaaaaaaa,19
aaaaagbaaacaaaacaaaaaaaaaaaaaaaaaaaaaa,4
aaaaagbaaadaaaaeaaaaaaaaaaaaaaaaaaaaaa,1
aaaaagbaaaeaaaaeaaaaaaaaaaaaaaaaaaaaaa,1
aaaaagbaaafaaaafaaaaaaaaaaaaaaaaaaaaaa,1
aaaaagbaaacaaaacaaaaaacaaaaaaaaaaaaaaa,17
aaaaafbaaaabaaaaaaaaaaeaaaaaaaaaaaaaaa,1
aaaaafbaaabaaaabaaaaaaeaaaaaaaaaaaaaaa,1
abaaagbaaaaaaaaaaaaaaaeaaaaaaaaaaaaaaa,1
aaaaagbaaabaaaacaaaaaaeaaaaaaaaaaaaaaa,1
aaaaagbaaabaaabbaaaaaaeaaaaaaaaaaaaaaa,1
aaaaagbaaabaaaacaaaaaafaaaaaaaaaaaaaaa,1
aaaaagbaaacaaaacaaaaaadaaaaaaaaaaaaaaa,8
abaaagbaaaaaaaabaaaaaaeaaaaaaaaaaaaaaa,1
abaaagbaaaaaaaabaaaaaadaaaaaaaaaaaaaaa,2
aaaaagbaaaabaaaaaaaaaacaaaaaaaaaaaaaaa,1
aaaaagbaaaabaaabaaaaaadaaaaaaaaaaaaaaa,5
aaaaagbaaacbaabcaaaaaafaaaaaaaaaaaaaaa,2
aaaaagcaaabbaabbaaaaaagaaaaaaaaaaaaaaa,3
abaaagcaaaabaaabaaaaaagaaaaaaaaaaaaaaa,5
aaaaagcaaacbaaacaaaaaagaaaaaaaaaaaaaaa,2
aaaaagcaaaabaabaaaaaaagaaaaaaaaaaaaaaa,8
aaaaagcaaaabaaaaaaaaaaaaaaaaaaaaaaaaaa,1
aaaaagcaaadbaaddaaaaaaaaaaaaaaaaaaaaaa,1
aaaaagcaaaeaaaaeaaaaaaaaaaaaaaaaaaaaaa,1
aaaaagcaaafaaaafaaaaaaaaaaaaaaaaaaaaaa,3
aaaaagcaaagaaaagaaaaaaaaaaaaaaaaaaaaaa,1
aaaaagcaaaabaaabaaaaaabaaaaaaaaaaaaaaa,1
abaaagcaaacaaaacaaaaaafaaaaaaaaaaaaaaa,1
abaaagcaaabaaaabaaaaaagaaaaaaaaaaaaaaa,13
aaaaagcaaaacaabaaaaaaagaaaaaaaaaaaaaaa,1
aaaaagcaaabaaaacaaaaaafaaaaaaaaaaaaaaa,1
aaaaagcaaaaaaabbaabaaagaaaaaaaaaaaaaaa,2
aaaaagcaaabbaaabaabaaagaaaaaaaaaaaaaaa,6
aaaaagcaaaabaaabaabaaagaaaaaaaaaaaaaaa,8
aaaaagcaaaabaabaaabaaagaaaaaaaaaaaaaaa,2
abaaagcaaabbaabbaaaaaafaaaaaaaaaaaaaaa,1
abaaagcaaaabaaabaaaaaafaaaaaaaaaaaaaaa,1
aaaaagcaaaaaaaabaabaaagaaaaaaaaaaaaaaa,10
abaaagcaaabbaaabaaaaaagaaaaaaaaaaaaaaa,3
aaaaagcaaaadbaaaaaaaaabaaaaaaaaaaaaaaa,1
aaaaagcaaaacaaaaaaaaaabaaaaaaaaaaaaaaa,1
aaaaagcaaaeaaaaeaaaaaabaaaaaaaaaaaaaaa,1
aaaaagcaaaabaaaaaaaaaabaaaaaaaaaaaaaaa,1
aaaaagcaaabaaaabaababagaaaabaaaaaaaaaa,1
aaaaagcaaabbaabbaababagaaaaaaaaaaaaaaa,4
aaaaagcaaaaaaabbaaaabagaaaaaaaaaaaaaaa,2
aaaaagcaaabaaaabaaaabagaaaaaaaaaaaaaaa,8
aaaaagcaaaaaaaaaaaaabagaaaaaaaaaaaaaaa,8
aaaaagcaaabaaabbaababagaaaaaaaaaaaaaaa,1
aaaaagcaaaaaaabbaababagaaaaaaaaaaaaaaa,1
aaaaagcaaaaaaaaaaababagaaaaaaaaaaaaaaa,8
abaaagcaaaabaabbaaaabagaaaaaaaaaaaaaaa,1
aaaaagcaaaaaaaabaaaabagaaaaaaaaaaaaaaa,2
aaaaagcaaaabaaabaaaabagaaaaaaaaaaaaaaa,11
aaaaagcaaabbaabbaaaabagaaaaaaaaaaaaaaa,1
abaaagcaaaabaaaaaaaabagaaaaaaaaaaaaaaa,1
abaaagcaaaaaaaaaaababagaaaaaaaaaaaaaaa,3
aaaaagcaaabbaaabaaaabagaaaaaaaaaaaaaaa,8
aaaaagcaaaabaaaaaaaabagaaaaaaaaaaaaaaa,1
aaaaagcaaaabaaabaababagaaaaaaaaaaaaaaa,7
aaaaagcaaabbaaabaababagaaaaaaaaaaaaaaa,5
aaaaagcaaabaaaabaababagaaaaaaaaaaaaaaa,7
baaaagcaaabbaaabaababagaaaabaaaaaaaaaa,1
aaaaagcaaaaaaaabaaaabafaaaaaaaaaaaaaaa,1
aaaaagcaaacaaaacaaaabagaaaaaaaaaaaaaaa,1
aaaaagcaaaabaaaaaababafaaaaaaaaaaaaaaa,1
abaaagcaaabbaaabaababagaaaaaaaaaaaaaaa,2
aaaaagcaaabbaaabaababafaaaaaaaaaaaaaaa,1
aaaaagcaaaabaaabaaaabafaaaaaaaaaaaaaaa,2
aaaaagcaaaabaaaaaaaabafaaaaaaaaaaaaaaa,1
abaaagcaaabaaaabaaaabafaaaaaaaaaaaaaaa,1
abaaagcaaabbaaabaaaabagaaaaaaaaaaaaaaa,2
abaaagcaaaabaaaaaaaaaagaaaaaaaaaaaaaaa,1
baaaagcaaaaaaaaaaabbbbgaaaabaaaaaabbaa,1
bbaaagcaaabbaaabaabbbagaaaaaaaaaaaaaaa,2
abaaagcaaaaaaaaaaaaabagaaaaaaaaaaaaaaa,2
baaaagcaaabbaaabaabbbbgaaaabaaaaaaaaaa,3
baaaagcaaaaaaaaaaabbbagaaaabaaaaaaaaaa,1
baaaagcaaabbaaabaabbbagaaaabaaaaaaaaaa,1
abaaagcaaaabaaaaaababagaaaaaaaaaaaaaaa,1
abaaagcaaabaaaabaababagaaaaaaaaaaaaaaa,1
abaaagcaaaabaaabaababagaaaaaaaaaaaaaaa,5
abaaagcaaaaaaaabaababagaaaaaaaaaaaaaaa,5
aaaaagcaaaaaaaabaababagaaaaaaaaaaaaaaa,7
abaaagcaaaaaaaabaaaabagaaaaaaaaaaaaaaa,1
abbaagcaaaaaaaabaaaabagaaaaaaaaaaaaaaa,2
abbaagcaaacaaaacaaaabagaaaaaaaaaaaaaaa,1
aabaagcaaabaaaabaaaabagaaaaaaaaaaaaaaa,1
abbaagcaaaabaaaaaaaabagaaaaaaaaaaaaaaa,1
aabaagcaaabbaaabaababagaaaaaaaaaaaaaaa,1
abbaagcaaaabaaabaababagaaaaaaaaaaaaaaa,4
abbaagcaaaabaaabaaaabagaaaaaaaaaaaaaaa,1
aabaagcaaaabaaabaaaaaagaaaaaaaaaaaaaaa,1
abaaagcaaabaaaabaaaabagaaaaaaaaaaaaaaa,1
acbaagcaaaaaaaaaaaaaaagaaaaaaaaaaaaaaa,1
aaaaagcaaaaaaaabaababafaaaaaaaaaaaaaaa,1
abbaagcaaaaaaaabaaaaaafaaaaaaaaaaaaaaa,1
aaaaagcaaabaaaabaaaabafaaaaaaaaaaaaaaa,1
bbaaagcaaabaaaabaabbbbgaaaabaabaaabbaa,1
bbaaagcaaabaaaabaabbbagaaaabaaaaaaaaaa,1
aaaaagcaaabaaaabaabbbagaaaaaaaaaaaaaaa,2
aaaaagcaaabbaaabaabbbagaaaaaaaaaaaaaaa,4
abbaagcaaabaaaabaabbbagaaaaaaaaaaaaaaa,2
aaaaagcaaaaaaaabaabbbagaaaaaaaaaaaaaaa,1
aaaaagcaaacaaaacaababagaaaaaaaaaaaaaaa,1
abaaagcaaaaaaaabaabbbagaaaaaaaaaaaaaaa,1
aaaaagcaaaabaaabaabbbagaaaaaaaaaaaaaaa,1
bcbbagcaaaaaaaaaaabbbagaaaaaaaaaaaaaaa,1
abbaagcaaaaaaaabaaaaaagaaaaaaaaaaaaaaa,1
abbaagcaaaaaaaaaaaaaaagaaaaaaaaaaaaaaa,1
aabaagcaaaaaaaabaaaaaagaaaaaaaaaaaaaaa,1
abbaagcaaabaaaabaaaaaagaaaaaaaaaaaaaaa,1
aaaaagbaaacbaaacaaaaaagaaaaaaaaaaaaaaa,14
aaaaagbaaaadbaaaaaaaaagaaaaaaaaaaaaaaa,1
abaaagbaaaaaaaabaaaaaagaaaaaaaaaaaaaaa,81
abaaagbaaabaaaabaaaaaagaaaaaaaaaaaaaaa,63
aaaaafbaaaaaaaaaaaaaaacaaaaaaaaaaaaaaa,1
aaaaagbaaaeaaaaeaaaaaacaaaaaaaaaaaaaaa,3
aaaaagbaaabaaaacaaaaaadaaaaaaaaaaaaaaa,1
aaaaagbaaabaaaacaaaaaagaaaaaaaaaaaaaaa,2
abaaagbaaaaaaaaaaaaaaagaaaaaaaaaaaaaaa,73
aaaaagbaaabaaaabaabaaagaaaaaaaaaaaaaaa,86
abaaagbaaaaaaaaaaabaaagaaaaaaaaaaaaaaa,13
aaaaagbaaaaaaabaaabaaagaaaaaaaaaaaaaaa,4
aaaaagbaaaaaaaabaabaaagaaaaaaaaaaaaaaa,85
aaaaagcaaabaaaabaabaaagaaaaaaaaaaaaaaa,4
aaaaagcaaaaaaaaaaabaaagaaaaaaaaaaaaaaa,9
aaaaagbaaaaaaaabaababagaaaaaaaaaaaaaaa,51
aaaaagbaaaaaaaaaaababagaaaaaaaaaaaaaaa,37
aaaaagbaaabaaaabaababagaaaaaaaaaaaaaaa,48
aaaaagbaaaaaaaaaaabaaagaaaaaaaaaaaaaaa,58
aaaaagbaaabaaaabaababafaaaabaaaaaaaaaa,1
aaaaagbaaaaaaabaaababagaaaaaaaaaaaaaaa,3
aaaaagbaaabaaaabaababafaaaaaaaaaaaaaaa,3
abaaagbaaaaaaaabaababafaaaaaaaaaaaaaaa,2
abaaagbaaaaaaaaaaababagaaaaaaaaaaaaaaa,11
abaaagbaaabbaaabaababagaaaaaaaaaaaaaaa,4
abaaagbaaaaaaaabaababagaaaaaaaaaaaaaaa,11
abaaagbaaabaaaabaabbbagaaaabaaaaaaaaaa,1
aaaaagbaaabbaabbaababagaaaaaaaaaaaaaaa,4
aaaaagbaaacaaaacaababagaaaaaaaaaaaaaaa,4
aaaaagbaaabaaaabaabbbagaaaaaaaaaaaaaaa,23
abaaagbaaabaaaabaababagaaaaaaaaaaaaaaa,12
baaaagbaaabaaaabaabbbagaaaaaaaaaaaaaaa,12
baaaagbaaaaaaaabaabbbagaaaaaaaaaaaaaaa,16
baaaagbaaaaaaabaaabbbagaaaaaaaaaaaaaaa,1
bbaaagbaaabaaaabaabbbagaaaaaaaaaaaaaaa,4
baaaagbaaaacaabaaabbbagaaaaaaaaaaabbaa,1
baaaagbaaabaaaabaabbbagaaaabaaaaaabbaa,3
bbaaagbaaaaaaaaaaabbbagaaaabaaaaaabbaa,1
bbaaagbaaaaaaaabaabbbbgaaaabaaaaaabbaa,2
bbaaagbaaabaaaabaabbbbgaaaabaabbaabbaa,1
baaaagbaaabaaaabaabbbbgaaaabaabbaabbaa,2
bbbaagbaaabaaaabaabbbbgaaaabaabaaabbaa,3
bbbaagbaaabaaaabaabbbbgaaaabaabbaabbaa,2
bbbbagbaaabaaaabaabbbbgaaaabaabbaabbaa,27
bbbbagbaaaaaaaabaabbbbgaaaabaabbaabbaa,8
bbbbagbaaaaaaaabaabbbbgaaaabaabaaabbaa,33
bbbbagbaaabaaaabaabbbbgaaaabaabaaabbaa,111
bbbbagbaaabaaabbaabbbbgaaaabaabaaabbaa,21
bbbbagbaaabaaaabaabbbbgaaaabaabaaaccaa,4
bbbbagbaaabaaabbaabbbbgaaaabaabaaaccaa,2
bcbbagbaaabaaaabaabbbbgaaaabaabaaabbaa,7
bbbbagbaaabbaabbaabbbbgaaaabaabaaabbaa,5
bbbbagbaaabbaaabaabbbbgaaaabaabaaabbaa,52
bcbbagbaaabbaaabaabbbbgaaaabaabaaabbaa,6
bbbbagbaaabbaaabaabbbbgaaaabaabaaaccaa,3
cbbbagbaaabbaaabaabccbgaaaabaabbaaccaa,1
bbbbagbaaacbaaacaabbbbgaaaabaabbaabbaa,1
bbbbagbaaabbaaabaabbbbfaaaabaabaaabbaa,3
bbbbagbaaaabaaabaabbbbfaaaabaabaaabbaa,2
bbbbagbaaabaaaabaabbbbfaaaabaabaaabbaa,5
bbbbagbaaaabaaaaaabbbbgaaaabaabaaabbaa,3
bbbbagbaaaabaaabaabbbbgaaaabaabaaabbaa,10
bcbbagbaaaaaaaabaabbbbgaaaabaabaaabbaa,1
bcbbagbaaaabaaabaabbbbgaaaabaabaaabbaa,2
babbagbaaabaaaabaabbbbgaaaabaabaaabbaa,36
bbbbagbaaaaaaaaaaabbbbgaaaabaabaaabbaa,19
babbagbaaabbaaabaabbbbgaaaabaabaaabbaa,21
bbbbagbaaaaaaaabaabbbbgaaaabaaaaaabbaa,6
babbagbaaaabaaabaabbbbgaaaabaaaaaabbaa,3
bbbbagbaaabaaaabaabbbbgaaaabaaaaaabbaa,10
babbagbaaaaaaaabaabbbbgaaaabaaaaaabbaa,2
babbagbaaabbaaabaabbbbgaaaabaaaaaabbaa,1
bbbbagbaaabbaaabaabbbbgaaaabaaaaaabbaa,6
bbbbagbaaacaaaacaabbbbgaaaabaaaaaabbaa,1
babbagbaaaaaaaabaabbbbgaaaabaabaaabbaa,9
babbagbaaaaaaaaaaabbbbgaaaabaabaaabbaa,4
bbbbagcaaaaaaaaaaabbbbgaaaabaabaaabbaa,2
baabagcaaaaaaaaaaabbbbgaaaabaabaaabbaa,1
babbagbaaaabaaabaabbbbgaaaabaabaaabbaa,6
babbagbaaabbaaabaabbbbfaaaabaabaaabbaa,1
baabagbaaabaaaabaabbbbfaaaabaabaaabbaa,2
bbabagbaaabbaaabaabbbbgaaaabaaaaaabbaa,1
babbagbaaaaaaaaaaabbbbgaaaabaaaaaabbaa,3
bbbbagbaaabaaaabaabbbagaaaaaaaaaaabbaa,2
babbagbaaabaaaabaabbbagaaaaaaaaaaabbaa,3
bbbbagbaaabaaaabaabbbagaaaabaaaaaabbaa,1
babbagbaaabaaaabaabbbagaaaaaaaaaaaaaaa,2
bbbbagbaaaabaaaaaabbbagaaaaaaaaaaabbaa,4
bbbbagbaaacbaaacaabbbagaaaaaaaaaaaaaaa,1
bbbbagbaaaaaaaabaabbbagaaaaaaaaaaaaaaa,6
babbagbaaaabaaabaabbbagaaaaaaaaaaaaaaa,2
aabbagbaaaaaaaabaabbbagaaaaaaaaaaaaaaa,2
baabagbaaaabaaabaabbbagaaaaaaaaaaaaaaa,1
baabagbaaaaaaaaaaabbbagaaaaaaaaaaaaaaa,2
baabagbaaabaaaabaabbbagaaaaaaaaaaaaaaa,6
bbabagbaaabaaaabaabbbbgaaaabaabaaabbaa,1
bbbbagbaaaaaaaabaabbbagaaaabaaaaaaaaaa,1
baabagbaaaaaaaabaabbbagaaaaaaaaaaaaaaa,4
baabagbaaaabaaabaabbbbgaaaabaabaaabbaa,3
bbbbagbaaabaaaabaabbbbgaaaabaaaaaaaaaa,5
bbbbagbaaabaaaabaabbbagaaaaaaaaaaaaaaa,7
babbagbaaabbaaabaabbbagaaaaaaaaaaaaaaa,2
babbagbaaaaaaaaaaabbbagaaaaaaaaaaaaaaa,1
abbbagbaaabaaaabaabbbagaaaaaaaaaaaaaaa,1
aaabagbaaaaaaaabaabbbagaaaaaaaaaaaaaaa,2
abbbagbaaaaaaaaaaabbaagaaaaaaaaaaaaaaa,1
abbbagbaaabbaaabaabbbagaaaaaaaaaaaaaaa,1
abbbagbaaaaaaaabaabaaagaaaaaaaaaaaaaaa,1
aabbagbaaaaaaaaaaabbaagaaaaaaaaaaaaaaa,1
aabbagbaaaaaaaabaabaaagaaaaaaaaaaaaaaa,1
aaabagbaaabaaaabaabaaagaaaaaaaaaaaaaaa,1
aaaaagbaaabcaaabaabaaagaaaaaaaaaaaaaaa,1
aaaaagbaaabbaaabaabaaagaaaaaaaaaaaaaaa,16
aaaaagbaaaacaabaaabaaagaaaaaaaaaaaaaaa,1
abaaagbaaaabaaaaaaaaaagaaaaaaaaaaaaaaa,10
aaaaagbaaaabaabaaaaaaagaaaaaaaaaaaaaaa,37
abaaagbaaaabaaabaaaaaagaaaaaaaaaaaaaaa,24
aaaaagbaaadaaaadaaaaaabaaaaaaaaaaaaaaa,4
aaaaagbaaaabaaaaaaaaaabaaaaaaaaaaaaaaa,4
abaaagbaaaaaaaaaaaaaaafaaaaaaaaaaaaaaa,8
abaaagbaaaaaaaaaaaaabagaaaaaaaaaaaaaaa,1
abaaagbaaaaaaaaaaabaaafaaaaaaaaaaaaaaa,1
aaaaagbaaaaaaaaaaabaaafaaaaaaaaaaaaaaa,4
abbaagbaaaaaaaaaaaaaaagaaaaaaaaaaaaaaa,3
abaaagbaaaabaaaaaaaaaafaaaaaaaaaaaaaaa,1
aaaaagbaaafaaaagaaaaaabaaaaaaaaaaaaaaa,1
aaaaagbaaagaaaagaaaaaabaaaaaaaaaaaaaaa,1
aaaaagbaaafaaaafaaaaaabaaaaaaaaaaaaaaa,1
abaaagbaaaaaaabbaaaaaafaaaaaaaaaaaaaaa,2
abaaagbaaaaaaabbaaaaaagaaaaaaaaaaaaaaa,11
aaaaagbaaabaaaabaaaabagaaaaaaaaaaaaaaa,5
aaaaagbaaabaaaabaababagaaaabaaaaaaaaaa,1
aaaaagbaaaaaaaabaaaabagaaaaaaaaaaaaaaa,2
aaaaagbaaaaaaaaaaaaabagaaaaaaaaaaaaaaa,1
aaaaagbaaaaaaabbaaaabagaaaaaaaaaaaaaaa,1
aaaaagbaaabaaabbaababagaaaaaaaaaaaaaaa,7
abbaagbaaabaaabbaaaabagaaaaaaaaaaaaaaa,1
abaaagbaaaaaaabbaababagaaaaaaaaaaaaaaa,1
abbaagbaaabaaaabaababagaaaaaaaaaaaaaaa,5
abbaagbaaaaaaaabaababagaaaaaaaaaaaaaaa,5
aabaagbaaaaaaaaaaababagaaaaaaaaaaaaaaa,4
aabaagbaaabaaabbaaaabagaaaaaaaaaaaaaaa,1
aaaaagbaaaabaaaaaababagaaaaaaaaaaaaaaa,8
aaaaagbaaaaaaabbaababagaaaaaaaaaaaaaaa,7
bbbaagbaaabaaaabaabbbbgaaaabaaaaaaaaaa,7
bbaaagbaaaaaaabaaabbbbgaaaabaaaaaaaaaa,1
bbbaagbaaabaaabbaabbbagaaaaaaaaaaaaaaa,2
bbbaagbaaaaaaaaaaabbbagaaaabaaaaaaaaaa,1
aabaagbaaaaaaaabaabbbagaaaaaaaaaaaaaaa,5
aaaaagbaaabaaabbaabbbagaaaaaaaaaaaaaaa,3
aaaaagbaaaaaaabbaabbbagaaaaaaaaaaaaaaa,2
abaaagcaaaaaaaaaaabbbagaaaaaaaaaaaaaaa,1
abaaagbaaabaaaabaaaabagaaaaaaaaaaaaaaa,1
abaaagbaaaaaaabbaabbbagaaaaaaaaaaaaaaa,2
aaaaagbaaaaaaaabaabbbagaaaaaaaaaaaaaaa,28
baaaagbaaaaaaaabaabbbagaaaabaaaaaaaaaa,4
abaaagbaaaaaaaaaaabbbagaaaaaaaaaaaaaaa,3
abbaagbaaabaaabbaabbbagaaaaaaaaaaaaaaa,1
baaaagbaaaaaaabbaabbbagaaaaaaaaaaaaaaa,1
baaaagbaaaaaaaaaaabbbagaaaabaaaaaaaaaa,5
baaaagbaaaaaaaabaabbbafaaaaaaaaaaaaaaa,1
aaaaagbaaacaaabcaababafaaaaaaaaaaaaaaa,1
aaaaagbaaabaaaabaabbbafaaaaaaaaaaaaaaa,1
baaaagbaaaabaabbaabbbafaaaabaaaaaaaaaa,1
bbbaagbaaabaaaabaabbbafaaaabaaaaaaaaaa,1
baaaagbaaabaaaabaabbbagaaaabaaaaaaaaaa,8
baaaagbaaabaaabbaabbbbgaaaabaaaaaaaaaa,3
baaaagbaaaaaaaabaabbbbgaaaabaaaaaaaaaa,9
bbaaagbaaaaaaaaaaabbbbgaaaabaaaaaaaaaa,2
bbbaagbaaaaaaaaaaabbbbgaaaabaaaaaaaaaa,1
bbbaagbaaaabaaabaabbbagaaaaaaaaaaaaaaa,2
bbbbagbaaaaaaaaaaabbbagaaaabaaaaaaaaaa,2
abbaagbaaabaaabbaabbbagaaaabaaaaaaaaaa,1
babaagbaaaaaaaabaabbbagaaaabaaaaaaaaaa,1
aabaagbaaabaaaabaabbbagaaaabaaaaaaaaaa,1
aaaaagbaaaaaaaaaaabbbagaaaabaaaaaaaaaa,2
bbaaagbaaabbaaabaabbbagaaaabaaaaaaaaaa,1
baaaagbaaaaaaaaaaabbbbgaaaabaaaaaaaaaa,4
baaaagbaaaaaaabaaabbbagaaaabaaaaaaaaaa,1
abaaagbaaaaaaaabaabbbagaaaaaaaaaaaaaaa,6
baaaagbaaabaaaabaabbbbgaaaabaaaaaaaaaa,11
baaaagbaaaaaaabbaabbbagaaaabaaaaaaaaaa,1
baaaagbaaaabaaabaabbbbgaaaabaaaaaaaaaa,1
aaaaagbaaaaaaaaaaabbbagaaaaaaaaaaaaaaa,13
bbaaagbaaaaaaaabaabbbbgaaaabaaaaaaaaaa,1
bbaaagbaaaaaaaabaabbbagaaaabaaaaaaaaaa,1
baaaagbaaacaaabcaabbbbgaaaabaaaaaaaaaa,1
bbaaagbaaaabaabaaabbbbgaaaabaaaaaaaaaa,1
bbbaagbaaaaaaaabaabbbbgaaaabaaaaaaaaaa,4
bbbaagbaaabaaaabaabbbbgaaaabaabaaaaaaa,3
bbbbagbaaaaaaaabaabbbbgaaaabaaaaaaaaaa,5
babbagbaaaaaaabaaabbbbgaaaabaabaaaaaaa,1
babbagbaaaaaaaabaabbbbgaaaabaabaaaaaaa,3
babaagbaaabaaabbaabbbbgaaaabaabaaaaaaa,1
bbbbagbaaaaaaaabaabbbbgaaaabaabaaaaaaa,4
bbbbagbaaabaaaabaabbbbgaaaabaabaaaaaaa,7
bbbbagbaaaaaaabbaabbbbgaaaabaabaaaaaaa,2
bbbbagbaaaaaaaaaaabbbbgaaaabaabbaabbaa,4
bbbbagbaaabbaabbaabbbbgaaaabaabbaabbaa,1
bbbbagbaaabaaaabaabbcbgabaabaabbaabbaa,4
bcbbagbaaabaaaabaabbccgabaacaabcaabbaa,1
bbbbagbaaaaaaaaaaabbcbgaaaabaabbaabbaa,1
bbbbagbaaabaaabbaabbcbgaaaabaabbaabbaa,1
bcbbagbaaabaaaabaabbcbgaaaabaabbaabbaa,1
bbbbagbaaabaaaabaabbcbgaaaabaabbaabbaa,2
bbbbagbaaaaaaaabaabbcbgaaaabaabbaabbaa,1
bcbbagbaaabaaaabaabbbbgaaaabaabbaabbaa,1
cbbbagbaaabaaaabaacccbgabaabaabbaabbaa,2
cbbbagbaaabbaaabaacccbfabaabaabbaabbaa,1
cabbagbaaabbaaabaabccbgaaaabaabbaabbaa,1
cbbbagbaaabaaaabaabccbgaaaabaabbaabbaa,6
cbbbagbaaaaaaaabaabccbgaaaabaabbaabbaa,1
ccbbagbaaaaaaaabaabccbgaaaabaabbaabbaa,1
ccbbagbaaabaaaabaabccbgaaaabaabbaabbaa,1
bcbbagbaaabaaaabaabccbgaaaabaabbaabbaa,1
bbbbagbaaabaaaabaabcbbgaaaabaabbaabbaa,6
bbbbagbaaabaaabbaabcbbgaaaabaabbaabbaa,1
bbbbagbaaabaaaabaabcbbgaaaabaabaaabbaa,13
bbbbagbaaaaaaaabaabcbbgaaaabaabbaabbaa,3
bbbbagbaaabaaaabaabccbgaaaabaabbaabbaa,2
bbbbagbaaacaaaacaabcbbgaaaabaabaaabbaa,1
bbbbagbaaaaaaaabaabccbgaaaabaabbaabbaa,1
bbbbagbaaabbaaabaabcbbgaaaabaabaaabbaa,1
babbagbaaabaaaabaabcbbgaaaabaabaaabbaa,2
bbbbagbaaaabaabbaabcbbgaaaabaabaaabbaa,1
bcbbagbaaabaaaabaabcbbgaaaabaabbaabbaa,2
bcbbagbaaaaaaaabaabcbbgaaaabaabbaabbaa,1
bbbbagbaaaaaaaabaabcbbgaaaabaabaaabbaa,3
bbbbagbaaabaaabbaabcbbgaaaabaabaaabbaa,2
bbbbagbaaabbaabbaabcbbgaaaabaabaaabbaa,1
bcbbagbaaabaaabbaabcbbgaaaabaabaaabbaa,1
bbbbagbaaaaaaaaaaabcbbgaaaabaabaaabbaa,1
cabbagbaaaaaaaaaaabccbgaaaabaabbaabbaa,1
bbbbagbaaaaaaabbaabbbbgaaaabaabaaabbaa,7
babbagbaaacaaaacaabbbbgaaaabaabbaabbaa,1
bcbbagbaaabaaaabaabbbbfaaaabaabaaabbaa,2
bcbbagbaaaaaaaaaaabbbbgaaaabaabaaabbaa,1
babbagbaaacaaaacaabbbbgaaaabaabaaabbaa,3
bbbbagbaaaaaaaaaaabbbbgaaaabaaaaaaaaaa,1
babbagbaaaaaaaabaabbbbgaaaabaaaaaaaaaa,1
babbagbaaaaaaaabaabbbagaaaaaaaaaaaaaaa,2
bbbbagbaaabaaaabaabcbbgaaaabaabaaaaaaa,1
babbagbaaabaaaabaabbbbgaaaabaaaaaaaaaa,1
babbagbaaaaaaaabaabbbbgaaaaaaaaaaaaaaa,1
bbbbagbaaaaaaaaaaabbbagaaaaaaaaaaaaaaa,4
baabagbaaaaaaabaaabbbagaaaaaaaaaaaaaaa,1
baabagbaaabaaaabaabbaagaaaaaaaaaaaaaaa,1
baabagbaaaaaaaabaabbaagaaaaaaaaaaaaaaa,1
aaabagbaaaaaaaabaabbaafaaaaaaaaaaaaaaa,2
aabbagbaaaaaaaaaaabbaafaaaaaaaaaaaaaaa,1
aaabagbaaabaaaabaabbaafaaaaaaaaaaaaaaa,2
abbbagbaaaaaaaaaaabbaafaaaaaaaaaaaaaaa,1
ababagbaaaaaaaaaaabbaafaaaaaaaaaaaaaaa,1
aaaaagbaaabaaaabaabbaagaaaaaaaaaaaaaaa,14
abbbagbaaabaaaabaabbaagaaaaaaaaaaaaaaa,2
aabbagbaaaaaaaabaabbaagaaaaaaaaaaaaaaa,1
ababagbaaabaaaabaabbaagaaaaaaaaaaaaaaa,1
aaaaagbaaaaaaaabaabbaagaaaaaaaaaaaaaaa,12
aaaaagbaaaaaaaaaaabbaagaaaaaaaaaaaaaaa,11
aaaaagbaaabaaaabaaabaagaaaaaaaaaaaaaaa,1
aaaaagbaaaaaaaabaaabaagaaaaaaaaaaaaaaa,1
aaaaagbaaacaaaacaabbaagaaaaaaaaaaaaaaa,1
aaaaagbaaaaaaaaaaaabaagaaaaaaaaaaaaaaa,1
abaaagbaaaaaaaabaabaaagaaaaaaaaaaaaaaa,22
abbaagbaaaaaaaabaaaaaagaaaaaaaaaaaaaaa,4
abaaagbaaabaaaabaabaaagaaaaaaaaaaaaaaa,11
abaaagbaaabaaaabaaaaaafaaaaaaaaaaaaaaa,4
aaaaagbaaacaaabcaaaaaafaaaaaaaaaaaaaaa,2
abaaagbaaabaaabbaaaaaagaaaaaaaaaaaaaaa,8
aaaaagbaaabbaabbaabaaagaaaaaaaaaaaaaaa,3
aaaaagbaaabbaabbaaaaaagaaaaaaaaaaaaaaa,23
abaaagbaaaaaaabaaaaaaagaaaaaaaaaaaaaaa,4
aaaaagbaaaaaaabbaabaaagaaaaaaaaaaaaaaa,5
aaaaagbaaabaaaabaabaaafaaaaaaaaaaaaaaa,5
abbaagbaaaaaaaaaaaaaaafaaaaaaaaaaaaaaa,1
abaaagbaaaaaaabbaabaaagaaaaaaaaaaaaaaa,1
abbaagbaaabaaaabaaaaaagaaaaaaaaaaaaaaa,4
abbaagbaaaaaaaabaabaaagaaaaaaaaaaaaaaa,4
aabaagbaaabaaaabaaaaaagaaaaaaaaaaaaaaa,3
abaaagbaaabbaaabaaaaaagaaaaaaaaaaaaaaa,10
abaaagbaaaaaaaabaaaaaafaaaaaaaaaaaaaaa,3
aaaaagbaaabaaaacaaaaaacaaaaaaaaaaaaaaa,1
aaaaagbaaadaaaadaaaaaacaaaaaaaaaaaaaaa,1
aaaaagbaaacaaaacaabaaagaaaaaaaaaaaaaaa,5
aaaaagbaaaaaaaabaabaaafaaaaaaaaaaaaaaa,6
bbaaagbaaaaaaaaaaabbbagaaaaaaaaaaaaaaa,1
abbaagbaaabaaaabaabbbagaaaaaaaaaaaaaaa,7
abbaagbaaaaaaaaaaababagaaaaaaaaaaaaaaa,5
abbaagbaaaaaaaabaabbbagaaaaaaaaaaaaaaa,6
abaaagbaaabaaaabaabbbagaaaaaaaaaaaaaaa,5
abaaagbaaaaaaaabaabbaagaaaaaaaaaaaaaaa,1
bbbaagbaaabaaaabaabbbagaaaaaaaaaaaaaaa,3
baaaagbaaaaaaaaaaabbbagaaaaaaaaaaaaaaa,5
baaaagbaaabbaaabaabbbagaaaaaaaaaaaaaaa,4
abbaagbaaaaaaaaaaabbbagaaaaaaaaaaaaaaa,3
aaaaagbaaacaaaacaabbbagaaaaaaaaaaaaaaa,1
abbaagbaaaaaaaabaabbaagaaaaaaaaaaaaaaa,3
abaaagbaaaaaaaaaaabbaagaaaaaaaaaaaaaaa,1
abbbagbaaaaaaaabaabbbagaaaaaaaaaaaaaaa,3
abbbagbaaaaaaaabaabbaagaaaaaaaaaaaaaaa,2
aabaagbaaaaaaaaaaabbbagaaaaaaaaaaaaaaa,1
aabbagbaaabaaaabaabbbagaaaaaaaaaaaaaaa,2
aaaaagbaaabaaaabaabbaafaaaaaaaaaaaaaaa,1
aaaaagbaaaaaaaabaabbaafaaaaaaaaaaaaaaa,2
aaaaagbaaaaaaaabaabbbafaaaaaaaaaaaaaaa,2
abaaagbaaabaaaabaabbbafaaaaaaaaaaaaaaa,1
abaaagbaaaaaaaaaaabbbafaaaaaaaaaaaaaaa,1
abaaagbaaacaaaacaaaaaagaaaaaaaaaaaaaaa,3
abaaagbaaabaaaabaabbaagaaaaaaaaaaaaaaa,1
aaaaagbaaabaaabbaabaaagaaaaaaaaaaaaaaa,4
aaaaagbaaaabaabbaabaaagaaaaaaaaaaaaaaa,5
abbaagbaaaaaaaabaaaaaafaaaaaaaaaaaaaaa,1
abaaagbaaacaaaacaabaaafaaaaaaaaaaaaaaa,1
aaaaagbaaaaaaabaaabaaafaaaaaaaaaaaaaaa,1
aabaagbaaaaaaaaaaaaaaagaaaaaaaaaaaaaaa,2
aaaaagbaaacaaaadaaaaaagaaaaaaaaaaaaaaa,1
aaaaagbaaaaaaabbaaaaaacaaaaaaaaaaaaaaa,1
aaaaagbaaabaaaacaaaaaabaaaaaaaaaaaaaaa,2
abaaagbaaaaaaaabaaaaaabaaaaaaaaaaaaaaa,1
aaaaagbaaaabaabbaababagaaaaaaaaaaaaaaa,2
aaaaagbaaaabaabaaababagaaaaaaaaaaaaaaa,3
aaaaagbaaaaaaaabaababafaaaaaaaaaaaaaaa,4
abaaagbaaabaaabbaababafaaaaaaaaaaaaaaa,1
baaaagbaaaaaaabbaabbbbgaaaabaabbaabbaa,2
bbaaagbaaaaaaaabaabbbbgaaaabaabaaabbaa,1
bbbaagbaaacaaabcaabbbbfaaaabaabaaabbaa,1
baaaagbaaabbaabbaabbbbgaaaabaabaaabbaa,2
baaaagbaaaaaaaabaabbbbfaaaabaabaaabbaa,1
bbbaagbaaabaaabbaabbbbgaaaabaabaaabbaa,2
bbbaagbaaaabaabbaabbbbgaaaabaabbaabbaa,1
baaaagbaaaaaaaabaabbbbgaaaabaabaaabbaa,4
baaaagbaaabaaabbaabbbbgaaaabaabaaabbaa,3
bbbaagbaaabbaabbaabbbbgaaaabaabaaabbaa,2
baaaagbaaaaaaabbaabbbbgaaaabaabaaabbaa,2
baaaagbaaabaaaabaabbbbgaaaabaabaaabbaa,1
bbaaagbaaaaaaabbaabbbbgaaaabaabaaabbaa,1
bbbaagbaaaaaaabbaabbbbgaaaabaabaaabbaa,2
babaagbaaabbaabbaabbbbgaaaabaabbaabbaa,1
bbbaagbaaabbaabbaabbbbgaaaabaabbaabbaa,1
babaagbaaabaaaabaabbbbgaaaabaabaaabbaa,1
babaagbaaabaaabbaabbbbgaaaabaabaaabbaa,1
bbbbagbaaaaaaabaaabbbbgaaaabaabaaabbaa,2
bbbbagbaaabbaaabaabbbbgaaaabaabbaabbaa,2
baaaagbaaaaaaabaaabbbbgaaaabaabaaabbaa,1
bbaaagbaaabaaabbaabbbbgaaaabaabaaabbaa,1
babaagbaaabaaabbaabbbbgaaaabaabbaabbaa,1
babbagbaaabaaabbaabbbbgaaaabaabaaabbaa,4
babbagbaaaaaaabbaabbbbgaaaabaabaaabbaa,1
bbbbagbaaaabaabbaabbbbgaaaabaabaaabbaa,1
bbbbagbaaabaaabbaabbbbgaaaabaabbaabbaa,1
babbagbaaacaaabcaabbbbgaaaabaabaaabbaa,1
babbagbaaabaaaabaabbbbgaaaabaabaaaaaaa,1
baabagbaaaaaaaaaaabbbbgaaaabaabaaaaaaa,1
babbagbaaabaaaabaabbbbfaaaabaabaaabbaa,3
baabagbaaabaaabbaabbbbgaaaabaabaaabbaa,1
baabagbaaaaaaaabaabbbbgaaaabaabaaabbaa,2
babbagbaaaaaaabaaabbbbgaaaabaabaaabbaa,1
bbbbagbaaacaaaacaabbbbgaaaabaabaaabbaa,2
babbagbaaaaaaabbaabbbbgaaaabaabbaabbaa,1
babbagbaaabaaaabaabbbbgaaaabaabbaabbaa,1
bbbbagbaaaaaaaabaabbcbgabaabaabbaabbaa,1
babbagbaaaaaaaabaabbbbgaaaabaabbaabbaa,1
babbagbaaabbaabbaabbbbgaaaabaabaaabbaa,2
bbbbagbaaaabaaaaaabbbbfaaaabaabaaabbaa,1
bbbbagbaaaaaaaabaabbbbfaaaabaabaaabbaa,1
bbbbagbaaabbaaabaabbbbgaaaabaabaaaaaaa,2
babbagbaaabbaaabaabbbbgaaaabaabaaaaaaa,1
babbagbaaaabaaabaabbbbgaaaabaaaaaaaaaa,1
babbagbaaaaaaaaaaabbbbgaaaabaaaaaaaaaa,1
baabagbaaaaaaaabaabbbbgaaaabaaaaaaaaaa,1
baabagbaaabbaaabaabbbbgaaaabaaaaaaaaaa,1
bbbbagbaaaabaaabaabbbbgaaaabaaaaaabbaa,2
babbagbaaaabaaaaaabbbbgaaaabaabaaabbaa,1
baabagbaaabbaaabaabbbbgaaaabaabaaabbaa,3
bbbbagcaaaabaaaaaabbbbgaaaabaabaaabbaa,1
bbbbagbaaaaaaaaaaabbbbgaaaabaaaaaabbaa,1
baabagbaaaaaaaabaabbbbgaaaabaaaaaabbaa,1
babbagbaaabaaaabaabbbbgaaaabaaaaaabbaa,1
bbbbagbaaabaaaabaabbbbfaaaabaaaaaabbaa,1
babbagbaaaabaaabaabbbbfaaaabaabaaabbaa,1
baabagbaaabaaaabaabbbbgaaaabaaaaaabbaa,2
baabagbaaaaaaaaaaabbbbgaaaabaabaaabbaa,1
baaaagbaaabbaaabaabbbbgaaaabaabaaabbaa,2
baaaagbaaaabaaaaaabbbbgaaaabaabaaabbaa,1
bbaaagbaaabaaaabaabbbbgaaaabaabaaabbaa,2
bbaaagbaaaabaaaaaabbbbgaaaabaabaaabbaa,1
baaaagbaaaabaaabaabbbbgaaaabaabaaabbaa,2
bbbbagbaaaabaaaaaabbbbgaaaabaaaaaaaaaa,1
babbagbaaabbaaabaabbbbgaaaabaaaaaaaaaa,1
babbagbaaaabaaaaaabbbbgaaaaaaaaaaaaaaa,1
baabagbaaabaaaabaabbbbgaaaaaaaaaaaaaaa,1
baabagbaaaabaaabaabbbbgaaaabaaaaaaaaaa,1
baabagbaaaabaaaaaabbbagaaaaaaaaaaaaaaa,1
ababagbaaaabaaabaabbbagaaaaaaaaaaaaaaa,1
bbbbagbaaaabaaaaaabbbagaaaaaaaaaaaaaaa,1
abbbagbaaaabaaabaabbbagaaaaaaaaaaaaaaa,1
aaabagbaaabbaaabaaabbagaaaaaaaaaaaaaaa,1
baaaagbaaaabaaabaabbbagaaaaaaaaaaaaaaa,3
bbaaagbaaaaaaaabaabbbagaaaaaaaaaaaaaaa,4
baaaagbaaaabaaaaaabbbagaaaaaaaaaaaaaaa,1
abaaagbaaabbaaabaabbaagaaaaaaaaaaaaaaa,1
aaaaagbaaaabaaabaabbbagaaaaaaaaaaaaaaa,2
aaaaagbaaaabaaabaabaaagaaaaaaaaaaaaaaa,18
abaaagbaaaabaaabaaaaaafaaaaaaaaaaaaaaa,2
abaaagbaaabbaaabaaaaaafaaaaaaaaaaaaaaa,4
baaaagbaaabbaaabaabbbbgaaaabaaaaaabbaa,1
bbaaagbaaaabaaabaababagaaaaaaaaaaaaaaa,1
baaaagbaaaabaaaaaabbbagaaaabaaaaaabbaa,2
baaaagbaaabaaaabaabbbagaaaaaaaaaaabbaa,3
baaaagbaaabbaaabaabbbagaaaaaaaaaaabbaa,10
bbbaagbaaabbaaabaabbbagaaaaaaaaaaabbaa,3
bbbaagbaaabaaaabaaabbagaaaaaaaaaaabbaa,1
bbbaagbaaaabaaabaabbbagaaaaaaaaaaabbaa,1
babaagbaaaabaaaaaabbbagaaaaaaaaaaabbaa,1
bbbaagbaaaabaaabaaabbagaaaaaaaaaaabbaa,1
bbbaagbaaabbaaabaaabbagaaaaaaaaaaabbaa,1
babaagbaaabaaaabaabbbagaaaaaaaaaaabbaa,2
baaaagbaaaaaaaabaabbbagaaaaaaaaaaabbaa,1
baaaagbaaaabaaaaaaabbagaaaaaaaaaaabbaa,2
bbaaagbaaabaaaabaabbbagaaaaaaaaaaabbaa,4
baaaagbaaabaaaabaaabbagaaaaaaaaaaabbaa,3
bbaaagbaaaabaaabaabbbagaaaaaaaaaaabbaa,2
baaaagbaaaaaaaaaaabbbagaaaaaaaaaaabbaa,2
baaaagbaaaaaaaabaaabbagaaaaaaaaaaabbaa,2
baaaagbaaabbaaabaaabbagaaaaaaaaaaabbaa,6
baaaagbaaaabaaabaabbbagaaaaaaaaaaabbaa,4
baaaagbaaaabaaabaaabbagaaaaaaaaaaabbaa,1
bbaaagbaaabbaaabaabbbagaaaabaaaaaabbaa,1
baaaagbaaabaaabbaabbbagaaaaaaaaaaabbaa,1
baaaagbaaabbaabbaaabbagaaaaaaaaaaabbaa,1
baaaagbaaacbaaacaaabbagaaaaaaaaaaabbaa,1
baaaagbaaaabaabbaabbbagaaaaaaaaaaabbaa,1
bbaaagbaaabbaaabaabbbagaaaaaaaaaaabbaa,1
baaaagbaaabbaabbaabbbagaaaaaaaaaaabbaa,2
bbaaagbaaaabaaabaaabbagaaaaaaaaaaabbaa,1
baaaagbaaabaaabbaaabbagaaaaaaaaaaabbaa,1
baaaagbaaabbaabbaabbbafaaaaaaaaaaabbaa,1
baaaagbaaabaaaabaaabbafaaaaaaaaaaabbaa,1
baaaagbaaabbaaabaabbbafaaaaaaaaaaabbaa,3
baaaagbaaaabaaabaaabbafaaaaaaaaaaabbaa,1
baaaagbaaabaaaabaabbbafaaaaaaaaaaabbaa,1
bbaaagbaaabaaaabaabbbafaaaabaaaaaabbaa,1
baaaagbaaabbaaabaabbbagaaaabaaaaaabbaa,1
bbaaagbaaabaaaabaabbbbfaaaabaaaaaabbaa,1
bbbaagbaaaabaaaaaabbbafaaaaaaaaaaaaaaa,1
babaagbaaabbaabbaabbbagaaaaaaaaaaaaaaa,1
babaagbaaaabaaaaaababagaaaaaaaaaaaaaaa,1
abbaagbaaaabaaabaabaaagaaaaaaaaaaaaaaa,2
abbaagbaaabbaaabaababagaaaaaaaaaaaaaaa,1
abbbagbaaaaaaaabaababagaaaaaaaaaaaaaaa,5
abbbagbaaaabaaaaaabaaagaaaaaaaaaaaaaaa,1
abbaagbaaabbaaabaaaaaagaaaaaaaaaaaaaaa,2
aaaaagbaaaabaaabaababagaaaaaaaaaaaaaaa,11
bbaaagbaaabbaabbaababagaaaaaaaaaaaaaaa,1
aaaaagbaaabbaaabaababagaaaaaaaaaaaaaaa,11
abaaagbaaaabaabbaaaabagaaaaaaaaaaaaaaa,1
aaaaagbaaaabaaabaaaabagaaaaaaaaaaaaaaa,1
abaaagbaaabaaaabaaaabagaaaaaaaaaaabbaa,1
bbbbagbaaabbaaabaaabbagaaaaaaaaaaabbaa,3
bbbbagbaaaabaaabaaaabagaaaaaaaaaaabbaa,1
bbbbagbaaabbaabbaabbbagaaaaaaaaaaabbaa,4
babbagbaaacbaaacaabbbagaaaaaaaaaaabbaa,1
bbbbagbaaabbaaabaabbbagaaaaaaaaaaabbaa,4
abbbagbaaabbaaabaaabbagaaaaaaaaaaabbaa,1
babbagbaaabbaabbaabbbagaaaaaaaaaaabbaa,2
babbagbaaaabaaabaabbbagaaaaaaaaaaabbaa,1
babbagbaaaabaaabaaabbagaaaaaaaaaaabbaa,1
babbagbaaaabaabbaabbbagaaaaaaaaaaabbaa,1
baabagbaaabbaaabaabbbagaaaaaaaaaaabbaa,2
bbbbagbaaaabaaaaaaabbagaaaaaaaaaaabbaa,1
baabagbaaaabaaabaabbbagaaaaaaaaaaabbaa,1
baabagbaaaaaaaabaaabbagaaaaaaaaaaabbaa,1
baabagbaaabaaaabaaabbagaaaaaaaaaaabbaa,1
bbabagbaaabbaaabaabbbagaaaaaaaaaaabbaa,1
bbabagbaaaabaaabaaabbagaaaaaaaaaaabbaa,1
bbbbagbaaabbaaabaabbbagaaaabaaaaaabbaa,9
baabagbaaabbaabbaabbbagaaaabaaaaaabbaa,1
bbbbagbaaaabaaabaabbbagaaaaaaaaaaabbaa,2
bbbbagbaaaabaabbaabbbbgaaaabaaaaaabbaa,1
babbagbaaaabaaabaabbbagaaaabaaaaaabbaa,1
baabagbaaabbaaabaabbbagaaaabaaaaaabbaa,1
babbagbaaabbaaabaabbbagaaaabaaaaaabbaa,2
babbagbaaabbaaabaabbbagaaaaaaaaaaabbaa,2
bbbbagbaaabbaabbaabbbagaaaabaaaaaabbaa,1
babbagbaaaaaaaabaabbbagaaaabaaaaaabbaa,1
babbagbaaabaaaabaabbbagaaaabaaaaaabbaa,1
baabagbaaabbaabbaabbbagaaaaaaaaaaabbaa,1
baabagbaaabbaaabaaabbagaaaaaaaaaaabbaa,1
baabagbaaabbaaabaabbbbgaaaabaaaaaabbaa,2
baaaagbaaaadbabbaabbbagaaaaaaaaaaabbaa,1
baaaagbaaacbaaacaabbbagaaaaaaaaaaaaaaa,1
baaaagbaaabbaaabaabbbagaaaabaaaaaaaaaa,1
bbaaagbaaaabaaaaaabbbbgaaaabaaaaaaaaaa,1
bbaaagbaaabaaaabaabbbbgaaaabaaaaaaaaaa,1
baaaagbaaaabaabbaabbbafaaaaaaaaaaaaaaa,2
aaaaagbaaaabaaaaaabbbafaaaaaaaaaaaaaaa,1
aaaaagbaaabbaaabaabaaafaaaaaaaaaaaaaaa,3
bbaaagbaaaabaaaaaabbbagaaaabaaaaaaaaaa,1
aaaaagbaaabbaabbaabbbagaaaaaaaaaaaaaaa,1
aaaaagbaaaabaaaaaabaaagaaaaaaaaaaaaaaa,6
abaaagbaaaabaaabaabaaagaaaaaaaaaaaaaaa,1
aaaaagbaaadaaaadaaaaaagaaaaaaaaaaaaaaa,2
aaaaagbaaabdaaabaaaaaabaaaaaaaaaaaaaaa,1
aaaaagbaaaabaaabaaaaaabaaaaaaaaaaaaaaa,1
aaaaagbaaaacaaaaaaaaaabaaaaaaaaaaaaaaa,2
aaaaagbaaaabaaaaaaaabagaaaaaaaaaaaaaaa,1
aaaaagbaaacaaabcaaaaaagaaaaaaaaaaaaaaa,2
aaaaagbaaacaaaacaababafaaaaaaaaaaaaaaa,1
aaaaagbaaabaaabbaabaaafaaaaaaaaaaaaaaa,1
aaaaagbaaaaaaabbaababafaaaaaaaaaaaaaaa,1
aaaaagbaaaabaabaaabaaagaaaaaaaaaaaaaaa,1
aabaagbaaabaaaabaabaaagaaaaaaaaaaaaaaa,3
bbbaagbaaaaaaaabaabbbbgaaaabaabbaaaaaa,1
baaaagbaaaaaaaaaaabbbbgaaaabaabaaaaaaa,1
baaaagbaaaaaaabbaabbbbgaaaabaaaaaaaaaa,1
bbaaagbaaaaaaaaaaabbbbgaaaabaabbaabbaa,1
bbaaagbaaaaaaaabaabbbbfaaaabaabaaaaaaa,1
baaaagbaaaaaaaabaabbbbfaaaabaaaaaaaaaa,2
baaaagbaaabaaaabaabbbbfaaaabaaaaaaaaaa,1
babaagbaaabaaaabaabbbagaaaabaaaaaaaaaa,1
bbaaagbaaaaaaaaaaabbbagaaaabaaaaaaaaaa,1
bbbaagbaaabaaaabaabbbagaaaabaaaaaaaaaa,1
bbbaagbaaaaaaaabaabbbagaaaabaaaaaaaaaa,1
babaagbaaaaaaaabaabbbbgaaaabaaaaaaaaaa,2
bbbbagbaaacaaaacaabbbagaaaabaaaaaaaaaa,1
babaagbaaabaaaabaabbbagaaaaaaaaaaaaaaa,1
bbaaagbaaaabaabbaabbbagaaaabaaaaaaaaaa,1
bbbaagbaaaaaaaaaaabbbagaaaaaaaaaaaaaaa,1
aabaagbaaabaaabbaabbbagaaaaaaaaaaaaaaa,1
abbaagbaaabbaabbaababagaaaaaaaaaaaaaaa,1
abbbagbaaabaaaabaababagaaaaaaaaaaaaaaa,3
abbbagbaaabbaaabaababagaaaaaaaaaaaaaaa,1
aabbagbaaabaaaabaababagaaaaaaaaaaaaaaa,2
aabbagbaaaabaaaaaababagaaaaaaaaaaaaaaa,2
abaaagbaaaaaaaaaaababafaaaaaaaaaaaaaaa,1
abaaagbaaabaaaabaababafaaaaaaaaaaaaaaa,1
bbaaagbaaaaaaaabaabbbafaaaaaaaaaaaaaaa,1
abbaagbaaaaaaaabaababafaaaaaaaaaaaaaaa,1
aabaagbaaabaaaabaababagaaaaaaaaaaaaaaa,2
baaaagcaaaaaaaaaaabbbagaaaaaaaaaaaaaaa,2
baaaagbaaaaaaaaaaababagaaaaaaaaaaaaaaa,1
baaaagbaaaaaaaabaababagaaaaaaaaaaaaaaa,3
bbbaagbaaaaaaaabaabbbagaaaaaaaaaaaaaaa,1
aaaaagbaaaabaaaaaabbbagaaaaaaaaaaaaaaa,2
abaaagcaaaaaaabbaaaaaagaaaaaaaaaaaaaaa,2
aaaaagcaaabaaabbaabaaagaaaaaaaaaaaaaaa,1
aaaaagcaaabbaabbaabaaagaaaaaaaaaaaaaaa,1
aaaaagcaaaabaabbaabaaagaaaaaaaaaaaaaaa,2
aaaaagcaaaabaaaaaabaaagaaaaaaaaaaaaaaa,4
abaaagcaaaabaaabaabaaagaaaaaaaaaaaaaaa,1
aaaaagcaaacaaaacaabaaagaaaaaaaaaaaaaaa,1
abaaagcaaabbaaabaabaaagaaaaaaaaaaaaaaa,3
abaaagcaaaaaaaabaaaaaafaaaaaaaaaaaaaaa,2
aaaaagcaaacaaaabaaaaaagaaaaaaaaaaaaaaa,1
aaaaagbaaaadbaaaaaaaaacaaaaaaaaaaaaaaa,1
aaaaagcaaafaaaafaaaaaabaaaaaaaaaaaaaaa,1
abaaagcaaaabaaabaaaabagaaaaaaaaaaaaaaa,1
abbaagcaaabbaaabaababagaaaaaaaaaaaaaaa,2
aaaaagcaaaabaabaaababagaaaaaaaaaaaaaaa,3
aaaaagcaaaabaabbaabaaafaaaaaaaaaaaaaaa,1
aaaaagcaaaabaabaaababafaaaaaaaaaaaaaaa,1
aaaaagcaaabaaaabaabaaafaaaaaaaaaaaaaaa,1
aaaaagcaaaaaaaaaaababafaaaaaaaaaaaaaaa,1
aaaaagcaaaabaaabaabaaafaaaaaaaaaaaaaaa,1
aaaaagcaaaaaaaabaabaaafaaaaaaaaaaaaaaa,1
aaaaagcaaacbaaacaababagaaaaaaaaaaaaaaa,1
abbaagcaaaaaaaabaababagaaaaaaaaaaaaaaa,1
abbaagcaaaaaaaaaaababagaaaaaaaaaaaaaaa,1
abbaagcaaabaaaabaababagaaaaaaaaaaaaaaa,1
babaagcaaaaaaaabaabbbbgaaaabaaaaaaaaaa,1
baaaagcaaaabaaabaabbbbgaaaabaabbaabbaa,1
baaaagcaaaabaaaaaabbbbgaaaabaaaaaaaaaa,1
bbbaagcaaabbaaabaabbbbgaaaabaabaaaaaaa,1
babaagcaaaaaaaaaaabbbbgaaaabaaaaaaaaaa,2
baaaagcaaaaaaaabaabbbbgaaaabaaaaaaaaaa,1
baaaagcaaaabaaabaabbbbgaaaabaaaaaaaaaa,1
baaaagcaaaabaabbaabbbagaaaabaaaaaaaaaa,1
baaaagcaaaabaaaaaabbbagaaaaaaaaaaaaaaa,1
baaaagcaaaaaaaabaabbbagaaaaaaaaaaaaaaa,2
baaaagcaaabbaaabaabbbagaaaaaaaaaaaaaaa,1
baaaagcaaaabaaabaabbbagaaaabaaaaaaaaaa,1
baaaagcaaaabaaabaabbbagaaaaaaaaaaaaaaa,3
bbaaagcaaaabaaaaaabbbagaaaaaaaaaaaaaaa,1
abaaagcaaaabaaaaaabbbagaaaaaaaaaaaaaaa,1
abbaagcaaabbaaabaabbbagaaaaaaaaaaaaaaa,1
abbaagbaaaabaaabaabbbagaaaaaaaaaaaaaaa,1
aaaaagbaaabbaaabaabbbagaaaaaaaaaaaaaaa,2
abaaagcaaaabaaabaabbbagaaaaaaaaaaaaaaa,1
baaaagcaaaaaaaaaaabbbbgaaaabaaaaaaaaaa,1
baaaagcaaabaaaabaabbbagaaaabaaaaaaaaaa,1
baaaagcaaabaaaabaabbbagaaaaaaaaaaaaaaa,1
baaaagcaaabaaaabaabbbbgaaaabaaaaaaaaaa,1
bbbaagcaaaabaaaaaabbbbgaaaabaaaaaaaaaa,1
bbbbagcaaabaaaabaabbbbgaaaabaaaaaaaaaa,2
bbbaagcaaaabaaabaabbbbgaaaabaaaaaaaaaa,1
babaagcaaabaaaabaabbbbgaaaabaaaaaaaaaa,1
bbbaagcaaaaaaaabaabbbbgaaaabaaaaaaaaaa,1
babaagbaaabaaaabaabbbbgaaaabaabbaabbaa,1
baaaagbaaaaaaaabaabbbbgaaaabaabaaaaaaa,3
bbaaagbaaaabaaabaabbbbgaaaabaabaaaaaaa,1
bbbbagbaaacaaaacaabbbbgaaaabaaaaaaaaaa,1
baaaagbaaaabaaabaabbbbfaaaabaaaaaaaaaa,3
baaaagcaaabbaaabaabbbafaaaaaaaaaaaaaaa,1
bbbaagcaaaaaaaabaabbbbfaaaabaaaaaaaaaa,1
bbbbagcaaabaaaabaabbbagaaaaaaaaaaaaaaa,2
babbagcaaaaaaaabaabbbbgaaaabaaaaaaaaaa,1
bbbaagcaaabaaaabaabbbagaaaaaaaaaaaaaaa,1
bbbbagcaaaaaaaaaaabbbagaaaaaaaaaaaaaaa,1
aabbagbaaaabaaabaabbbagaaaaaaaaaaaaaaa,1
aaabagbaaaabaaabaababagaaaaaaaaaaaaaaa,2
aaabagbaaabaaaabaababagaaaaaaaaaaaaaaa,1
ababagbaaaabaaabaababagaaaaaaaaaaaaaaa,1
ababagbaaabaaaabaabbbagaaaaaaaaaaaaaaa,1
acbbagbaaabbaaabaababagaaaaaaaaaaaaaaa,1
aabbagbaaaaaaaabaababagaaaaaaaaaaaaaaa,1
aaaaagbaaacbaaacaababagaaaaaaaaaaaaaaa,1
aaaaagcaaaabaaaaaababagaaaaaaaaaaaaaaa,1
abaaagbaaaabaaabaababagaaaaaaaaaaaaaaa,2
abaaagbaaaabaaaaaababagaaaaaaaaaaaaaaa,1
abaaagbaaacaaaacaabaaagaaaaaaaaaaaaaaa,1
abaaagbaaabbaaabaabaaagaaaaaaaaaaaaaaa,2
aaaaagbaaaabaaaaaabbaagaaaaaaaaaaaaaaa,1
abbaagbaaaacaaabaabaaagaaaaaaaaaaaaaaa,1
aabaagbaaaaaaaabaabaaagaaaaaaaaaaaaaaa,2
aaaaagbaaacbaabcaaaaaagaaaaaaaaaaaaaaa,1
abaaagbaaaabaabaaaaaaagaaaaaaaaaaaaaaa,1
abaaagbaaacaaaacaaaaaafaaaaaaaaaaaaaaa,2
aaaaagbaaafaaaafaaaaaacaaaaaaaaaaaaaaa,1
abbaagbaaacaaaacaabaaagaaaaaaaaaaaaaaa,1
abbaagbaaabaaaabaabbaagaaaaaaaaaaaaaaa,1
abbbagbaaabaaaabaabaaagaaaaaaaaaaaaaaa,1
abbaagbaaaaaaaaaaabaaagaaaaaaaaaaaaaaa,1
abaaagbaaaaaaaabaabaaafaaaaaaaaaaaaaaa,1
abaaagbaaabbaabbaaaaaagaaaaaaaaaaaaaaa,1
abbaagbaaaaaaabaaaaaaagaaaaaaaaaaaaaaa,1
